INSERT INTO base_client (id, client_id, client_key, client_secret, grant_type, device_type, active_timeout, timeout, status, is_deleted, create_dept, create_by, create_time, update_by, update_time) VALUES (1, 'e5cd7e4891bf95d1d19206ce24a7b32e', 'pc', 'pc123', 'password,social', 'pc', 1800, 604800, '1', '0', 103, 1, '2025-07-29 04:33:00.131793', 1, '2025-07-29 04:33:00.131793');
INSERT INTO base_client (id, client_id, client_key, client_secret, grant_type, device_type, active_timeout, timeout, status, is_deleted, create_dept, create_by, create_time, update_by, update_time) VALUES (2, '428a8310cd442757ae699df5d894f051', 'app', 'app123', 'password,sms,social', 'android', 1800, 604800, '1', '0', 103, 1, '2025-07-29 04:33:00.131793', 1, '2025-07-29 04:33:00.131793');

INSERT INTO base_config (config_id, tenant_id, config_name, config_key, config_value, config_type, create_dept, create_by, create_time, update_by, update_time, remark) VALUES (1, '000000', '主框架页-默认皮肤样式名称', 'sys.index.skinName', 'skin-blue', 'Y', 103, 1, '2025-07-29 04:32:50.095941', null, null, '蓝色 skin-blue、绿色 skin-green、紫色 skin-purple、红色 skin-red、黄色 skin-yellow');
INSERT INTO base_config (config_id, tenant_id, config_name, config_key, config_value, config_type, create_dept, create_by, create_time, update_by, update_time, remark) VALUES (2, '000000', '用户管理-账号初始密码', 'sys.user.initPassword', '123456', 'Y', 103, 1, '2025-07-29 04:32:50.095941', null, null, '初始化密码 123456');
INSERT INTO base_config (config_id, tenant_id, config_name, config_key, config_value, config_type, create_dept, create_by, create_time, update_by, update_time, remark) VALUES (3, '000000', '主框架页-侧边栏主题', 'sys.index.sideTheme', 'theme-dark', 'Y', 103, 1, '2025-07-29 04:32:50.095941', null, null, '深色主题theme-dark，浅色主题theme-light');
INSERT INTO base_config (config_id, tenant_id, config_name, config_key, config_value, config_type, create_dept, create_by, create_time, update_by, update_time, remark) VALUES (5, '000000', '账号自助-是否开启用户注册功能', 'sys.account.registerUser', 'false', 'Y', 103, 1, '2025-07-29 04:32:50.095941', null, null, '是否开启注册用户功能（true开启，false关闭）');
INSERT INTO base_config (config_id, tenant_id, config_name, config_key, config_value, config_type, create_dept, create_by, create_time, update_by, update_time, remark) VALUES (11, '000000', 'OSS预览列表资源开关', 'sys.oss.previewListResource', 'true', 'Y', 103, 1, '2025-07-29 04:32:50.095941', null, null, 'true:开启, false:关闭');

INSERT INTO base_dict_data (dict_code, tenant_id, dict_sort, dict_label, dict_value, dict_type, css_class, list_class, is_default, create_dept, create_by, create_time, update_by, update_time, remark) VALUES (1, '000000', 1, '男', '1', 'sys_user_sex', '', '', 'Y', 103, 1, '2025-07-29 04:32:48.982174', null, null, '性别男');
INSERT INTO base_dict_data (dict_code, tenant_id, dict_sort, dict_label, dict_value, dict_type, css_class, list_class, is_default, create_dept, create_by, create_time, update_by, update_time, remark) VALUES (2, '000000', 2, '女', '0', 'sys_user_sex', '', '', 'N', 103, 1, '2025-07-29 04:32:48.982174', null, null, '性别女');
INSERT INTO base_dict_data (dict_code, tenant_id, dict_sort, dict_label, dict_value, dict_type, css_class, list_class, is_default, create_dept, create_by, create_time, update_by, update_time, remark) VALUES (3, '000000', 3, '未知', '2', 'sys_user_sex', '', '', 'N', 103, 1, '2025-07-29 04:32:48.982174', null, null, '性别未知');
INSERT INTO base_dict_data (dict_code, tenant_id, dict_sort, dict_label, dict_value, dict_type, css_class, list_class, is_default, create_dept, create_by, create_time, update_by, update_time, remark) VALUES (4, '000000', 1, '显示', '1', 'sys_show_hide', '', 'primary', 'Y', 103, 1, '2025-07-29 04:32:48.982174', null, null, '显示菜单');
INSERT INTO base_dict_data (dict_code, tenant_id, dict_sort, dict_label, dict_value, dict_type, css_class, list_class, is_default, create_dept, create_by, create_time, update_by, update_time, remark) VALUES (5, '000000', 2, '隐藏', '0', 'sys_show_hide', '', 'error', 'N', 103, 1, '2025-07-29 04:32:48.982174', null, null, '隐藏菜单');
INSERT INTO base_dict_data (dict_code, tenant_id, dict_sort, dict_label, dict_value, dict_type, css_class, list_class, is_default, create_dept, create_by, create_time, update_by, update_time, remark) VALUES (6, '000000', 1, '正常', '1', 'sys_normal_disable', '', 'primary', 'Y', 103, 1, '2025-07-29 04:32:48.982174', null, null, '正常状态');
INSERT INTO base_dict_data (dict_code, tenant_id, dict_sort, dict_label, dict_value, dict_type, css_class, list_class, is_default, create_dept, create_by, create_time, update_by, update_time, remark) VALUES (7, '000000', 2, '停用', '0', 'sys_normal_disable', '', 'error', 'N', 103, 1, '2025-07-29 04:32:48.982174', null, null, '停用状态');
INSERT INTO base_dict_data (dict_code, tenant_id, dict_sort, dict_label, dict_value, dict_type, css_class, list_class, is_default, create_dept, create_by, create_time, update_by, update_time, remark) VALUES (12, '000000', 1, '是', 'Y', 'sys_yes_no', '', 'primary', 'Y', 103, 1, '2025-07-29 04:32:48.982174', null, null, '系统默认是');
INSERT INTO base_dict_data (dict_code, tenant_id, dict_sort, dict_label, dict_value, dict_type, css_class, list_class, is_default, create_dept, create_by, create_time, update_by, update_time, remark) VALUES (13, '000000', 2, '否', 'N', 'sys_yes_no', '', 'error', 'N', 103, 1, '2025-07-29 04:32:48.982174', null, null, '系统默认否');
INSERT INTO base_dict_data (dict_code, tenant_id, dict_sort, dict_label, dict_value, dict_type, css_class, list_class, is_default, create_dept, create_by, create_time, update_by, update_time, remark) VALUES (14, '000000', 1, '通知', '1', 'sys_notice_type', '', 'warning', 'Y', 103, 1, '2025-07-29 04:32:48.982174', null, null, '通知');
INSERT INTO base_dict_data (dict_code, tenant_id, dict_sort, dict_label, dict_value, dict_type, css_class, list_class, is_default, create_dept, create_by, create_time, update_by, update_time, remark) VALUES (15, '000000', 2, '公告', '2', 'sys_notice_type', '', 'success', 'N', 103, 1, '2025-07-29 04:32:48.982174', null, null, '公告');
INSERT INTO base_dict_data (dict_code, tenant_id, dict_sort, dict_label, dict_value, dict_type, css_class, list_class, is_default, create_dept, create_by, create_time, update_by, update_time, remark) VALUES (16, '000000', 1, '正常', '1', 'sys_notice_status', '', 'primary', 'Y', 103, 1, '2025-07-29 04:32:48.982174', null, null, '正常状态');
INSERT INTO base_dict_data (dict_code, tenant_id, dict_sort, dict_label, dict_value, dict_type, css_class, list_class, is_default, create_dept, create_by, create_time, update_by, update_time, remark) VALUES (17, '000000', 2, '关闭', '0', 'sys_notice_status', '', 'error', 'N', 103, 1, '2025-07-29 04:32:48.982174', null, null, '关闭状态');
INSERT INTO base_dict_data (dict_code, tenant_id, dict_sort, dict_label, dict_value, dict_type, css_class, list_class, is_default, create_dept, create_by, create_time, update_by, update_time, remark) VALUES (18, '000000', 1, '新增', '1', 'sys_oper_type', '', 'info', 'N', 103, 1, '2025-07-29 04:32:48.982174', null, null, '新增操作');
INSERT INTO base_dict_data (dict_code, tenant_id, dict_sort, dict_label, dict_value, dict_type, css_class, list_class, is_default, create_dept, create_by, create_time, update_by, update_time, remark) VALUES (19, '000000', 2, '修改', '2', 'sys_oper_type', '', 'info', 'N', 103, 1, '2025-07-29 04:32:48.982174', null, null, '修改操作');
INSERT INTO base_dict_data (dict_code, tenant_id, dict_sort, dict_label, dict_value, dict_type, css_class, list_class, is_default, create_dept, create_by, create_time, update_by, update_time, remark) VALUES (20, '000000', 3, '删除', '3', 'sys_oper_type', '', 'error', 'N', 103, 1, '2025-07-29 04:32:48.982174', null, null, '删除操作');
INSERT INTO base_dict_data (dict_code, tenant_id, dict_sort, dict_label, dict_value, dict_type, css_class, list_class, is_default, create_dept, create_by, create_time, update_by, update_time, remark) VALUES (21, '000000', 4, '授权', '4', 'sys_oper_type', '', 'primary', 'N', 103, 1, '2025-07-29 04:32:48.982174', null, null, '授权操作');
INSERT INTO base_dict_data (dict_code, tenant_id, dict_sort, dict_label, dict_value, dict_type, css_class, list_class, is_default, create_dept, create_by, create_time, update_by, update_time, remark) VALUES (22, '000000', 5, '导出', '5', 'sys_oper_type', '', 'warning', 'N', 103, 1, '2025-07-29 04:32:48.982174', null, null, '导出操作');
INSERT INTO base_dict_data (dict_code, tenant_id, dict_sort, dict_label, dict_value, dict_type, css_class, list_class, is_default, create_dept, create_by, create_time, update_by, update_time, remark) VALUES (23, '000000', 6, '导入', '6', 'sys_oper_type', '', 'warning', 'N', 103, 1, '2025-07-29 04:32:48.982174', null, null, '导入操作');
INSERT INTO base_dict_data (dict_code, tenant_id, dict_sort, dict_label, dict_value, dict_type, css_class, list_class, is_default, create_dept, create_by, create_time, update_by, update_time, remark) VALUES (24, '000000', 7, '强退', '7', 'sys_oper_type', '', 'error', 'N', 103, 1, '2025-07-29 04:32:48.982174', null, null, '强退操作');
INSERT INTO base_dict_data (dict_code, tenant_id, dict_sort, dict_label, dict_value, dict_type, css_class, list_class, is_default, create_dept, create_by, create_time, update_by, update_time, remark) VALUES (25, '000000', 8, '生成代码', '8', 'sys_oper_type', '', 'warning', 'N', 103, 1, '2025-07-29 04:32:48.982174', null, null, '生成操作');
INSERT INTO base_dict_data (dict_code, tenant_id, dict_sort, dict_label, dict_value, dict_type, css_class, list_class, is_default, create_dept, create_by, create_time, update_by, update_time, remark) VALUES (26, '000000', 9, '清空数据', '9', 'sys_oper_type', '', 'error', 'N', 103, 1, '2025-07-29 04:32:48.982174', null, null, '清空操作');
INSERT INTO base_dict_data (dict_code, tenant_id, dict_sort, dict_label, dict_value, dict_type, css_class, list_class, is_default, create_dept, create_by, create_time, update_by, update_time, remark) VALUES (27, '000000', 1, '成功', '1', 'sys_common_status', '', 'primary', 'N', 103, 1, '2025-07-29 04:32:48.982174', null, null, '正常状态');
INSERT INTO base_dict_data (dict_code, tenant_id, dict_sort, dict_label, dict_value, dict_type, css_class, list_class, is_default, create_dept, create_by, create_time, update_by, update_time, remark) VALUES (28, '000000', 2, '失败', '0', 'sys_common_status', '', 'error', 'N', 103, 1, '2025-07-29 04:32:48.982174', null, null, '停用状态');
INSERT INTO base_dict_data (dict_code, tenant_id, dict_sort, dict_label, dict_value, dict_type, css_class, list_class, is_default, create_dept, create_by, create_time, update_by, update_time, remark) VALUES (29, '000000', 99, '其他', '0', 'sys_oper_type', '', 'info', 'N', 103, 1, '2025-07-29 04:32:48.982174', null, null, '其他操作');
INSERT INTO base_dict_data (dict_code, tenant_id, dict_sort, dict_label, dict_value, dict_type, css_class, list_class, is_default, create_dept, create_by, create_time, update_by, update_time, remark) VALUES (30, '000000', 0, '密码认证', 'password', 'sys_grant_type', '', 'default', 'N', 103, 1, '2025-07-29 04:32:48.982174', null, null, '密码认证');
INSERT INTO base_dict_data (dict_code, tenant_id, dict_sort, dict_label, dict_value, dict_type, css_class, list_class, is_default, create_dept, create_by, create_time, update_by, update_time, remark) VALUES (31, '000000', 0, '短信认证', 'sms', 'sys_grant_type', '', 'default', 'N', 103, 1, '2025-07-29 04:32:48.982174', null, null, '短信认证');
INSERT INTO base_dict_data (dict_code, tenant_id, dict_sort, dict_label, dict_value, dict_type, css_class, list_class, is_default, create_dept, create_by, create_time, update_by, update_time, remark) VALUES (32, '000000', 0, '邮件认证', 'email', 'sys_grant_type', '', 'default', 'N', 103, 1, '2025-07-29 04:32:48.982174', null, null, '邮件认证');
INSERT INTO base_dict_data (dict_code, tenant_id, dict_sort, dict_label, dict_value, dict_type, css_class, list_class, is_default, create_dept, create_by, create_time, update_by, update_time, remark) VALUES (33, '000000', 0, '小程序认证', 'xcx', 'sys_grant_type', '', 'default', 'N', 103, 1, '2025-07-29 04:32:48.982174', null, null, '小程序认证');
INSERT INTO base_dict_data (dict_code, tenant_id, dict_sort, dict_label, dict_value, dict_type, css_class, list_class, is_default, create_dept, create_by, create_time, update_by, update_time, remark) VALUES (34, '000000', 0, '三方登录认证', 'social', 'sys_grant_type', '', 'default', 'N', 103, 1, '2025-07-29 04:32:48.982174', null, null, '三方登录认证');
INSERT INTO base_dict_data (dict_code, tenant_id, dict_sort, dict_label, dict_value, dict_type, css_class, list_class, is_default, create_dept, create_by, create_time, update_by, update_time, remark) VALUES (35, '000000', 0, 'PC', 'pc', 'sys_device_type', '', 'default', 'N', 103, 1, '2025-07-29 04:32:48.982174', null, null, 'PC');
INSERT INTO base_dict_data (dict_code, tenant_id, dict_sort, dict_label, dict_value, dict_type, css_class, list_class, is_default, create_dept, create_by, create_time, update_by, update_time, remark) VALUES (36, '000000', 0, '安卓', 'android', 'sys_device_type', '', 'default', 'N', 103, 1, '2025-07-29 04:32:48.982174', null, null, '安卓');
INSERT INTO base_dict_data (dict_code, tenant_id, dict_sort, dict_label, dict_value, dict_type, css_class, list_class, is_default, create_dept, create_by, create_time, update_by, update_time, remark) VALUES (37, '000000', 0, 'iOS', 'ios', 'sys_device_type', '', 'default', 'N', 103, 1, '2025-07-29 04:32:48.982174', null, null, 'iOS');
INSERT INTO base_dict_data (dict_code, tenant_id, dict_sort, dict_label, dict_value, dict_type, css_class, list_class, is_default, create_dept, create_by, create_time, update_by, update_time, remark) VALUES (38, '000000', 0, '小程序', 'xcx', 'sys_device_type', '', 'default', 'N', 103, 1, '2025-07-29 04:32:48.982174', null, null, '小程序');


INSERT INTO base_dict_type (dict_id, tenant_id, dict_name, dict_type, create_dept, create_by, create_time, update_by, update_time, remark) VALUES (1, '000000', '用户性别', 'sys_user_sex', 103, 1, '2025-07-29 04:32:47.665889', null, null, '用户性别列表');
INSERT INTO base_dict_type (dict_id, tenant_id, dict_name, dict_type, create_dept, create_by, create_time, update_by, update_time, remark) VALUES (2, '000000', '菜单状态', 'sys_show_hide', 103, 1, '2025-07-29 04:32:47.665889', null, null, '菜单状态列表');
INSERT INTO base_dict_type (dict_id, tenant_id, dict_name, dict_type, create_dept, create_by, create_time, update_by, update_time, remark) VALUES (3, '000000', '系统开关', 'sys_normal_disable', 103, 1, '2025-07-29 04:32:47.665889', null, null, '系统开关列表');
INSERT INTO base_dict_type (dict_id, tenant_id, dict_name, dict_type, create_dept, create_by, create_time, update_by, update_time, remark) VALUES (6, '000000', '系统是否', 'sys_yes_no', 103, 1, '2025-07-29 04:32:47.665889', null, null, '系统是否列表');
INSERT INTO base_dict_type (dict_id, tenant_id, dict_name, dict_type, create_dept, create_by, create_time, update_by, update_time, remark) VALUES (7, '000000', '通知类型', 'sys_notice_type', 103, 1, '2025-07-29 04:32:47.665889', null, null, '通知类型列表');
INSERT INTO base_dict_type (dict_id, tenant_id, dict_name, dict_type, create_dept, create_by, create_time, update_by, update_time, remark) VALUES (8, '000000', '通知状态', 'sys_notice_status', 103, 1, '2025-07-29 04:32:47.665889', null, null, '通知状态列表');
INSERT INTO base_dict_type (dict_id, tenant_id, dict_name, dict_type, create_dept, create_by, create_time, update_by, update_time, remark) VALUES (9, '000000', '操作类型', 'sys_oper_type', 103, 1, '2025-07-29 04:32:47.665889', null, null, '操作类型列表');
INSERT INTO base_dict_type (dict_id, tenant_id, dict_name, dict_type, create_dept, create_by, create_time, update_by, update_time, remark) VALUES (10, '000000', '系统状态', 'sys_common_status', 103, 1, '2025-07-29 04:32:47.665889', null, null, '登录状态列表');
INSERT INTO base_dict_type (dict_id, tenant_id, dict_name, dict_type, create_dept, create_by, create_time, update_by, update_time, remark) VALUES (11, '000000', '授权类型', 'sys_grant_type', 103, 1, '2025-07-29 04:32:47.665889', null, null, '认证授权类型');
INSERT INTO base_dict_type (dict_id, tenant_id, dict_name, dict_type, create_dept, create_by, create_time, update_by, update_time, remark) VALUES (12, '000000', '设备类型', 'sys_device_type', 103, 1, '2025-07-29 04:32:47.665889', null, null, '客户端设备类型');

INSERT INTO base_oss_config (oss_config_id, tenant_id, config_key, access_key, secret_key, bucket_name, prefix, endpoint, domain, is_https, region, access_policy, status, ext1, create_dept, create_by, create_time, update_by, update_time, remark) VALUES (1, '000000', 'minio', 'XXXXXXXXXXXXXXX', 'XXXXXXXXXXXXXXX', 'example', '', '127.0.0.1:9000', '', 'N', '', '1', '1', '', 103, 1, '2025-07-29 04:32:58.803567', 1, '2025-07-29 04:32:58.803567', null);
INSERT INTO base_oss_config (oss_config_id, tenant_id, config_key, access_key, secret_key, bucket_name, prefix, endpoint, domain, is_https, region, access_policy, status, ext1, create_dept, create_by, create_time, update_by, update_time, remark) VALUES (3, '000000', 'aliyun', 'XXXXXXXXXXXXXXX', 'XXXXXXXXXXXXXXX', 'example', '', 'oss-cn-beijing.aliyuncs.com', '', 'N', '', '1', '0', '', 103, 1, '2025-07-29 04:32:58.803567', 1, '2025-07-29 04:32:58.803567', null);
INSERT INTO base_oss_config (oss_config_id, tenant_id, config_key, access_key, secret_key, bucket_name, prefix, endpoint, domain, is_https, region, access_policy, status, ext1, create_dept, create_by, create_time, update_by, update_time, remark) VALUES (2, '000000', 'qiniu', 'XXXXXXXXXXXXXXX', 'XXXXXXXXXXXXXXX', 'example', '', 's3-cn-north-1.qiniucs.com', '', 'N', '', '1', '0', '', 103, 1, '2025-07-29 04:32:58.803567', 1, '2025-07-29 04:32:58.803567', null);
INSERT INTO base_oss_config (oss_config_id, tenant_id, config_key, access_key, secret_key, bucket_name, prefix, endpoint, domain, is_https, region, access_policy, status, ext1, create_dept, create_by, create_time, update_by, update_time, remark) VALUES (4, '000000', 'qcloud', 'XXXXXXXXXXXXXXX', 'XXXXXXXXXXXXXXX', 'example', '', 'cos.ap-beijing.myqcloud.com', '', 'N', 'ap-beijing', '1', '0', '', 103, 1, '2025-07-29 04:32:58.803567', 1, '2025-07-29 04:32:58.803567', null);
INSERT INTO base_oss_config (oss_config_id, tenant_id, config_key, access_key, secret_key, bucket_name, prefix, endpoint, domain, is_https, region, access_policy, status, ext1, create_dept, create_by, create_time, update_by, update_time, remark) VALUES (5, '000000', 'image', 'ruoyi', 'ruoyi123', 'ruoyi', 'image', '127.0.0.1:9000', '', 'N', '', '1', '0', '', 103, 1, '2025-07-29 04:32:58.803567', 1, '2025-07-29 04:32:58.803567', null);


INSERT INTO sys_user (user_id, tenant_id, dept_id, user_name, nick_name, user_type, email, phonenumber, gender, avatar, password, status, is_deleted, login_ip, login_date, create_dept, create_by, create_time, update_by, update_time, remark) VALUES (1, '000000', 103, 'admin', 'Olsond', 'sys_user', 'olsond.dy@foxmail.com', '19999999999', '1', null, '$2a$10$7JB720yubVSZvUI0rEqK/.bN./FVfkRIt74fOiBOWl5rRZPxOJpkC', '1', '1', '127.0.0.1', '2025-08-07 00:11:55.817000', 103, 1, '2025-07-29 04:32:39.164567', -1, '2025-08-07 00:11:55.820000', '超超超级管理员');

INSERT INTO sys_user_post (user_id, post_id) VALUES (1, 1);

INSERT INTO sys_user_role (user_id, role_id) VALUES (1, 1);
INSERT INTO sys_user_role (user_id, role_id) VALUES (2, 2);
INSERT INTO sys_user_role (user_id, role_id) VALUES (3, 3);

INSERT INTO sys_dept (dept_id, tenant_id, parent_id, ancestors, dept_name, dept_category, order_num, leader, phone, email, status, is_deleted, create_dept, create_by, create_time, update_by, update_time) VALUES (100, '000000', 0, '0', '迪兰诺石材有限公司', null, 0, null, '18888888888', 'xxx@qq.com', '1', '0', 103, 1, '2025-07-29 04:32:37.391563', null, null);
INSERT INTO sys_dept (dept_id, tenant_id, parent_id, ancestors, dept_name, dept_category, order_num, leader, phone, email, status, is_deleted, create_dept, create_by, create_time, update_by, update_time) VALUES (102, '000000', 100, '0,100', '海外分公司', null, 2, null, '18888888888', 'xxx@qq.com', '1', '0', 103, 1, '2025-07-29 04:32:37.391563', null, null);
INSERT INTO sys_dept (dept_id, tenant_id, parent_id, ancestors, dept_name, dept_category, order_num, leader, phone, email, status, is_deleted, create_dept, create_by, create_time, update_by, update_time) VALUES (108, '000000', 102, '0,100,101', '市场部门', null, 1, null, '18888888888', 'xxx@qq.com', '1', '0', 103, 1, '2025-07-29 04:32:37.391563', null, null);
INSERT INTO sys_dept (dept_id, tenant_id, parent_id, ancestors, dept_name, dept_category, order_num, leader, phone, email, status, is_deleted, create_dept, create_by, create_time, update_by, update_time) VALUES (109, '000000', 102, '0,100,101', '财务部门', null, 2, null, '18888888888', 'xxx@qq.com', '1', '0', 103, 1, '2025-07-29 04:32:37.391563', null, null);
INSERT INTO sys_dept (dept_id, tenant_id, parent_id, ancestors, dept_name, dept_category, order_num, leader, phone, email, status, is_deleted, create_dept, create_by, create_time, update_by, update_time) VALUES (107, '000000', 101, '0,100,101', '运维部门', null, 5, null, '18888888888', 'xxx@qq.com', '1', '0', 103, 1, '2025-07-29 04:32:37.391563', null, null);
INSERT INTO sys_dept (dept_id, tenant_id, parent_id, ancestors, dept_name, dept_category, order_num, leader, phone, email, status, is_deleted, create_dept, create_by, create_time, update_by, update_time) VALUES (106, '000000', 101, '0,100,101', '财务部门', null, 4, null, '18888888888', 'xxx@qq.com', '1', '0', 103, 1, '2025-07-29 04:32:37.391563', null, null);
INSERT INTO sys_dept (dept_id, tenant_id, parent_id, ancestors, dept_name, dept_category, order_num, leader, phone, email, status, is_deleted, create_dept, create_by, create_time, update_by, update_time) VALUES (105, '000000', 101, '0,100,101', '测试部门', null, 3, null, '18888888888', 'xxx@qq.com', '1', '0', 103, 1, '2025-07-29 04:32:37.391563', null, null);
INSERT INTO sys_dept (dept_id, tenant_id, parent_id, ancestors, dept_name, dept_category, order_num, leader, phone, email, status, is_deleted, create_dept, create_by, create_time, update_by, update_time) VALUES (104, '000000', 101, '0,100,101', '市场部门', null, 2, null, '18888888888', 'xxx@qq.com', '1', '0', 103, 1, '2025-07-29 04:32:37.391563', null, null);
INSERT INTO sys_dept (dept_id, tenant_id, parent_id, ancestors, dept_name, dept_category, order_num, leader, phone, email, status, is_deleted, create_dept, create_by, create_time, update_by, update_time) VALUES (101, '000000', 100, '0,100', '上海总公司', null, 1, null, '18888888888', 'xxx@qq.com', '1', '0', 103, 1, '2025-07-29 04:32:37.391563', null, null);
INSERT INTO sys_dept (dept_id, tenant_id, parent_id, ancestors, dept_name, dept_category, order_num, leader, phone, email, status, is_deleted, create_dept, create_by, create_time, update_by, update_time) VALUES (103, '000000', 101, '0,100,101', '研发部门', null, 1, 0, '18888888888', 'xxx@qq.com', '1', '0', 103, 1, '2025-07-29 04:32:37.391563', null, null);

INSERT INTO sys_notice (notice_id, tenant_id, notice_title, notice_type, notice_content, status, create_dept, create_by, create_time, update_by, update_time, remark) VALUES (1, '000000', '温馨提醒：2018-07-01 新版本发布啦', '2', '新版本内容', '0', 103, 1, '2025-07-29 04:32:52.369907', null, null, '管理员');
INSERT INTO sys_notice (notice_id, tenant_id, notice_title, notice_type, notice_content, status, create_dept, create_by, create_time, update_by, update_time, remark) VALUES (2, '000000', '维护通知：2018-07-01 系统凌晨维护', '1', '维护内容', '0', 103, 1, '2025-07-29 04:32:52.369907', null, null, '管理员');

INSERT INTO sys_post (post_id, tenant_id, dept_id, post_code, post_category, post_name, post_sort, status, create_dept, create_by, create_time, update_by, update_time, remark) VALUES (1, '000000', 103, 'ceo', null, '董事长', 1, '0', 103, 1, '2025-07-29 04:32:40.432883', null, null, '');
INSERT INTO sys_post (post_id, tenant_id, dept_id, post_code, post_category, post_name, post_sort, status, create_dept, create_by, create_time, update_by, update_time, remark) VALUES (2, '000000', 100, 'se', null, '项目经理', 2, '0', 103, 1, '2025-07-29 04:32:40.432883', null, null, '');
INSERT INTO sys_post (post_id, tenant_id, dept_id, post_code, post_category, post_name, post_sort, status, create_dept, create_by, create_time, update_by, update_time, remark) VALUES (3, '000000', 100, 'hr', null, '人力资源', 3, '0', 103, 1, '2025-07-29 04:32:40.432883', null, null, '');
INSERT INTO sys_post (post_id, tenant_id, dept_id, post_code, post_category, post_name, post_sort, status, create_dept, create_by, create_time, update_by, update_time, remark) VALUES (4, '000000', 100, 'user', null, '普通员工', 4, '0', 103, 1, '2025-07-29 04:32:40.432883', null, null, '');


INSERT INTO sys_role (role_id, tenant_id, role_name, role_key, role_sort, data_scope, menu_check_strictly, dept_check_strictly, status, is_deleted, create_dept, create_by, create_time, update_by, update_time, remark) VALUES (2, '000000', '操作员', 'test2', 3, '5', true, true, '1', '0', 103, 1, '2025-07-29 04:32:41.821868', null, null, '');
INSERT INTO sys_role (role_id, tenant_id, role_name, role_key, role_sort, data_scope, menu_check_strictly, dept_check_strictly, status, is_deleted, create_dept, create_by, create_time, update_by, update_time, remark) VALUES (3, '000000', '财务', 'test1', 2, '4', true, true, '1', '0', 103, 1, '2025-07-29 04:32:41.821868', null, null, '');
INSERT INTO sys_role (role_id, tenant_id, role_name, role_key, role_sort, data_scope, menu_check_strictly, dept_check_strictly, status, is_deleted, create_dept, create_by, create_time, update_by, update_time, remark) VALUES (1, '000000', '超级管理员', 'superadmin', 1, '1', true, true, '1', '0', 103, 1, '2025-07-29 04:32:41.821868', null, null, '超级管理员');


INSERT INTO sys_tenant (id, tenant_id, contact_user_name, contact_phone, company_name, license_number, address, intro, domain, remark, package_id, expire_time, account_count, status, is_deleted, create_dept, create_by, create_time, update_by, update_time) VALUES (1, '000000', '管理组', '15888888888', 'XXX有限公司', null, null, '多租户通用后台管理系统', null, null, null, null, -1, '1', '0', 103, 1, '2025-07-29 04:32:34.946556', null, null);

-- 菜单
INSERT INTO sys_menu (menu_id, menu_name, parent_id, order_num, path, component, query_param, is_frame, is_cache, menu_type, visible, status, perms, icon, create_dept, create_by, create_time, update_by, update_time, remark) VALUES (1, '系统管理', 0, 1, 'system', 'Layout', '', '0', '1', 'M', '1', '1', '', 'hugeicons:computer-settings', 103, 1, '2025-07-29 04:32:43.504157', 1, '2025-08-07 00:42:09.654000', '系统管理目录');
INSERT INTO sys_menu (menu_id, menu_name, parent_id, order_num, path, component, query_param, is_frame, is_cache, menu_type, visible, status, perms, icon, create_dept, create_by, create_time, update_by, update_time, remark) VALUES (2, '系统监控', 0, 3, 'monitor', '', '', '0', '1', 'M', '1', '1', '', 'stash:dashboard', 103, 1, '2025-07-29 04:32:43.504157', 1, '2025-08-19 14:50:04.779000', '系统监控目录');
INSERT INTO sys_menu (menu_id, menu_name, parent_id, order_num, path, component, query_param, is_frame, is_cache, menu_type, visible, status, perms, icon, create_dept, create_by, create_time, update_by, update_time, remark) VALUES (3, '系统工具', 0, 4, 'tool', '', '', '0', '1', 'M', '1', '1', '', 'hugeicons:tools', 103, 1, '2025-07-29 04:32:43.504157', 1, '2025-08-19 14:51:52.771000', '系统工具目录');
INSERT INTO sys_menu (menu_id, menu_name, parent_id, order_num, path, component, query_param, is_frame, is_cache, menu_type, visible, status, perms, icon, create_dept, create_by, create_time, update_by, update_time, remark) VALUES (4, '代码库地址', 0, 5, 'https://gitee.com', 'FrameView', '', '1', '1', 'M', '1', '1', '', 'line-md:link', 103, 1, '2025-07-29 04:32:43.504157', 1, '2025-08-07 00:16:26.676000', 'RuoYi-Vue-Plus官网地址');
INSERT INTO sys_menu (menu_id, menu_name, parent_id, order_num, path, component, query_param, is_frame, is_cache, menu_type, visible, status, perms, icon, create_dept, create_by, create_time, update_by, update_time, remark) VALUES (6, '租户管理', 0, 2, 'tenant', '', '', '0', '1', 'M', '1', '1', '', 'tabler:building-cog', 103, 1, '2025-07-29 04:32:43.504157', 1, '2025-08-19 14:49:19.819000', '租户管理目录');
INSERT INTO sys_menu (menu_id, menu_name, parent_id, order_num, path, component, query_param, is_frame, is_cache, menu_type, visible, status, perms, icon, create_dept, create_by, create_time, update_by, update_time, remark) VALUES (100, '用户管理', 1, 1, 'user', 'system/user/index', '', '0', '1', 'C', '1', '1', 'system:user:list', 'hugeicons:user-multiple-02', 103, 1, '2025-07-29 04:32:43.504157', 1, '2025-08-07 00:20:55.077000', '用户管理菜单');
INSERT INTO sys_menu (menu_id, menu_name, parent_id, order_num, path, component, query_param, is_frame, is_cache, menu_type, visible, status, perms, icon, create_dept, create_by, create_time, update_by, update_time, remark) VALUES (101, '角色管理', 1, 2, 'role', 'system/role/index', '', '0', '1', 'C', '1', '1', 'system:role:list', 'hugeicons:user-shield-01', 103, 1, '2025-07-29 04:32:43.504157', 1, '2025-08-07 00:21:56.084000', '角色管理菜单');
INSERT INTO sys_menu (menu_id, menu_name, parent_id, order_num, path, component, query_param, is_frame, is_cache, menu_type, visible, status, perms, icon, create_dept, create_by, create_time, update_by, update_time, remark) VALUES (102, '菜单管理', 1, 3, 'menu', 'system/menu/index', '', '0', '1', 'C', '1', '1', 'system:menu:list', 'hugeicons:menu-07', 103, 1, '2025-07-29 04:32:43.504157', 1, '2025-08-07 00:23:08.716000', '菜单管理菜单');
INSERT INTO sys_menu (menu_id, menu_name, parent_id, order_num, path, component, query_param, is_frame, is_cache, menu_type, visible, status, perms, icon, create_dept, create_by, create_time, update_by, update_time, remark) VALUES (103, '部门管理', 1, 4, 'dept', 'system/dept/index', '', '0', '1', 'C', '1', '1', 'system:dept:list', 'hugeicons:hierarchy-square-07', 103, 1, '2025-07-29 04:32:43.504157', 1, '2025-08-07 00:28:57.467000', '部门管理菜单');
INSERT INTO sys_menu (menu_id, menu_name, parent_id, order_num, path, component, query_param, is_frame, is_cache, menu_type, visible, status, perms, icon, create_dept, create_by, create_time, update_by, update_time, remark) VALUES (104, '岗位管理', 1, 5, 'post', 'system/post/index', '', '0', '1', 'C', '1', '1', 'system:post:list', 'hugeicons:permanent-job', 103, 1, '2025-07-29 04:32:43.504157', 1, '2025-08-07 00:27:27.625000', '岗位管理菜单');
INSERT INTO sys_menu (menu_id, menu_name, parent_id, order_num, path, component, query_param, is_frame, is_cache, menu_type, visible, status, perms, icon, create_dept, create_by, create_time, update_by, update_time, remark) VALUES (105, '字典管理', 1, 6, 'dict', 'system/dict/index', '', '0', '1', 'C', '1', '1', 'system:dict:list', 'hugeicons:book-02', 103, 1, '2025-07-29 04:32:43.504157', 1, '2025-08-07 00:30:07.238000', '字典管理菜单');
INSERT INTO sys_menu (menu_id, menu_name, parent_id, order_num, path, component, query_param, is_frame, is_cache, menu_type, visible, status, perms, icon, create_dept, create_by, create_time, update_by, update_time, remark) VALUES (106, '参数设置', 1, 7, 'config', 'system/config/index', '', '0', '1', 'C', '1', '1', 'system:config:list', 'hugeicons:code', 103, 1, '2025-07-29 04:32:43.504157', 1, '2025-08-07 00:31:15.730000', '参数设置菜单');
INSERT INTO sys_menu (menu_id, menu_name, parent_id, order_num, path, component, query_param, is_frame, is_cache, menu_type, visible, status, perms, icon, create_dept, create_by, create_time, update_by, update_time, remark) VALUES (107, '通知公告', 1, 8, 'notice', 'system/notice/index', '', '0', '1', 'C', '1', '1', 'system:notice:list', 'hugeicons:notification-square', 103, 1, '2025-07-29 04:32:43.504157', 1, '2025-08-07 00:33:21.507000', '通知公告菜单');
INSERT INTO sys_menu (menu_id, menu_name, parent_id, order_num, path, component, query_param, is_frame, is_cache, menu_type, visible, status, perms, icon, create_dept, create_by, create_time, update_by, update_time, remark) VALUES (108, '日志管理', 1, 9, 'log', 'Layout', '', '0', '1', 'M', '1', '1', '', 'hugeicons:computer-terminal-01', 103, 1, '2025-07-29 04:32:43.504157', 1, '2025-08-07 00:38:26.790000', '日志管理菜单');
INSERT INTO sys_menu (menu_id, menu_name, parent_id, order_num, path, component, query_param, is_frame, is_cache, menu_type, visible, status, perms, icon, create_dept, create_by, create_time, update_by, update_time, remark) VALUES (109, '在线用户', 2, 1, 'online', 'monitor/online/index', '', '0', '1', 'C', '1', '1', 'monitor:online:list', 'online', 103, 1, '2025-07-29 04:32:43.504157', null, null, '在线用户菜单');
INSERT INTO sys_menu (menu_id, menu_name, parent_id, order_num, path, component, query_param, is_frame, is_cache, menu_type, visible, status, perms, icon, create_dept, create_by, create_time, update_by, update_time, remark) VALUES (113, '缓存监控', 2, 5, 'cache', 'monitor/cache/index', '', '0', '1', 'C', '1', '1', 'monitor:cache:list', 'redis', 103, 1, '2025-07-29 04:32:43.504157', null, null, '缓存监控菜单');
INSERT INTO sys_menu (menu_id, menu_name, parent_id, order_num, path, component, query_param, is_frame, is_cache, menu_type, visible, status, perms, icon, create_dept, create_by, create_time, update_by, update_time, remark) VALUES (115, '代码生成', 3, 2, 'gen', 'tool/gen/index', '', '0', '1', 'C', '1', '1', 'tool:gen:list', 'code', 103, 1, '2025-07-29 04:32:43.504157', null, null, '代码生成菜单');
INSERT INTO sys_menu (menu_id, menu_name, parent_id, order_num, path, component, query_param, is_frame, is_cache, menu_type, visible, status, perms, icon, create_dept, create_by, create_time, update_by, update_time, remark) VALUES (118, '文件管理', 1, 10, 'oss', 'system/oss/index', '', '0', '1', 'C', '1', '1', 'system:oss:list', 'hugeicons:file-cloud', 103, 1, '2025-08-19 16:13:58.019178', 1, '2025-08-19 16:44:01.733000', '文件管理菜单');
INSERT INTO sys_menu (menu_id, menu_name, parent_id, order_num, path, component, query_param, is_frame, is_cache, menu_type, visible, status, perms, icon, create_dept, create_by, create_time, update_by, update_time, remark) VALUES (121, '租户管理', 6, 1, 'tenant', 'system/tenant/index', '', '0', '1', 'C', '1', '1', 'system:tenant:list', 'list', 103, 1, '2025-07-29 04:32:43.504157', null, null, '租户管理菜单');
INSERT INTO sys_menu (menu_id, menu_name, parent_id, order_num, path, component, query_param, is_frame, is_cache, menu_type, visible, status, perms, icon, create_dept, create_by, create_time, update_by, update_time, remark) VALUES (122, '租户套餐管理', 6, 2, 'tenantPackage', 'system/tenantPackage/index', '', '0', '1', 'C', '1', '1', 'system:tenantPackage:list', 'form', 103, 1, '2025-07-29 04:32:43.504157', null, null, '租户套餐管理菜单');
INSERT INTO sys_menu (menu_id, menu_name, parent_id, order_num, path, component, query_param, is_frame, is_cache, menu_type, visible, status, perms, icon, create_dept, create_by, create_time, update_by, update_time, remark) VALUES (123, '客户端管理', 1, 11, 'client', 'system/client/index', '', '0', '1', 'C', '1', '1', 'system:client:list', 'hugeicons:computer', 103, 1, '2025-07-29 04:32:43.504157', 1, '2025-08-07 00:41:28.798000', '客户端管理菜单');
INSERT INTO sys_menu (menu_id, menu_name, parent_id, order_num, path, component, query_param, is_frame, is_cache, menu_type, visible, status, perms, icon, create_dept, create_by, create_time, update_by, update_time, remark) VALUES (130, '分配用户', 1, 2, 'role-auth/user/:roleId(\d+)', 'system/role/authUser', '', '0', '0', 'C', '0', '0', 'system:role:edit', '#', 103, 1, '2025-07-29 04:32:43.504157', null, null, '');
INSERT INTO sys_menu (menu_id, menu_name, parent_id, order_num, path, component, query_param, is_frame, is_cache, menu_type, visible, status, perms, icon, create_dept, create_by, create_time, update_by, update_time, remark) VALUES (132, '字典数据', 1, 6, '', '', '', '0', '0', 'F', '1', '1', 'system:dict:list', '#', 103, 1, '2025-07-29 04:32:43.504157', null, null, '');
INSERT INTO sys_menu (menu_id, menu_name, parent_id, order_num, path, component, query_param, is_frame, is_cache, menu_type, visible, status, perms, icon, create_dept, create_by, create_time, update_by, update_time, remark) VALUES (133, '文件配置管理', 1, 10, 'oss-config', 'system/oss-config/index', '', '0', '1', 'C', '0', '1', 'system:ossConfig:list', '#', 103, 1, '2025-08-19 17:13:05.029119', 1, '2025-08-19 17:20:05.658000', '');
INSERT INTO sys_menu (menu_id, menu_name, parent_id, order_num, path, component, query_param, is_frame, is_cache, menu_type, visible, status, perms, icon, create_dept, create_by, create_time, update_by, update_time, remark) VALUES (500, '操作日志', 108, 1, 'operlog', 'monitor/operlog/index', '', '0', '1', 'C', '1', '1', 'monitor:operlog:list', 'form', 103, 1, '2025-07-29 04:32:43.504157', null, null, '操作日志菜单');
INSERT INTO sys_menu (menu_id, menu_name, parent_id, order_num, path, component, query_param, is_frame, is_cache, menu_type, visible, status, perms, icon, create_dept, create_by, create_time, update_by, update_time, remark) VALUES (501, '登录日志', 108, 2, 'logininfor', 'monitor/logininfor/index', '', '0', '1', 'C', '1', '1', 'monitor:logininfor:list', 'logininfor', 103, 1, '2025-07-29 04:32:43.504157', null, null, '登录日志菜单');
INSERT INTO sys_menu (menu_id, menu_name, parent_id, order_num, path, component, query_param, is_frame, is_cache, menu_type, visible, status, perms, icon, create_dept, create_by, create_time, update_by, update_time, remark) VALUES (1001, '用户查询', 100, 1, '', '', '', '0', '1', 'F', '1', '1', 'system:user:query', '#', 103, 1, '2025-07-29 04:32:43.504157', null, null, '');
INSERT INTO sys_menu (menu_id, menu_name, parent_id, order_num, path, component, query_param, is_frame, is_cache, menu_type, visible, status, perms, icon, create_dept, create_by, create_time, update_by, update_time, remark) VALUES (1002, '用户新增', 100, 2, '', '', '', '0', '1', 'F', '1', '1', 'system:user:add', '#', 103, 1, '2025-07-29 04:32:43.504157', null, null, '');
INSERT INTO sys_menu (menu_id, menu_name, parent_id, order_num, path, component, query_param, is_frame, is_cache, menu_type, visible, status, perms, icon, create_dept, create_by, create_time, update_by, update_time, remark) VALUES (1003, '用户修改', 100, 3, '', '', '', '0', '1', 'F', '1', '1', 'system:user:edit', '#', 103, 1, '2025-07-29 04:32:43.504157', null, null, '');
INSERT INTO sys_menu (menu_id, menu_name, parent_id, order_num, path, component, query_param, is_frame, is_cache, menu_type, visible, status, perms, icon, create_dept, create_by, create_time, update_by, update_time, remark) VALUES (1004, '用户删除', 100, 4, '', '', '', '0', '1', 'F', '1', '1', 'system:user:remove', '#', 103, 1, '2025-07-29 04:32:43.504157', null, null, '');
INSERT INTO sys_menu (menu_id, menu_name, parent_id, order_num, path, component, query_param, is_frame, is_cache, menu_type, visible, status, perms, icon, create_dept, create_by, create_time, update_by, update_time, remark) VALUES (1005, '用户导出', 100, 5, '', '', '', '0', '1', 'F', '1', '1', 'system:user:export', '#', 103, 1, '2025-07-29 04:32:43.504157', null, null, '');
INSERT INTO sys_menu (menu_id, menu_name, parent_id, order_num, path, component, query_param, is_frame, is_cache, menu_type, visible, status, perms, icon, create_dept, create_by, create_time, update_by, update_time, remark) VALUES (1006, '用户导入', 100, 6, '', '', '', '0', '1', 'F', '1', '1', 'system:user:import', '#', 103, 1, '2025-07-29 04:32:43.504157', null, null, '');
INSERT INTO sys_menu (menu_id, menu_name, parent_id, order_num, path, component, query_param, is_frame, is_cache, menu_type, visible, status, perms, icon, create_dept, create_by, create_time, update_by, update_time, remark) VALUES (1007, '重置密码', 100, 7, '', '', '', '0', '1', 'F', '1', '1', 'system:user:resetPwd', '#', 103, 1, '2025-07-29 04:32:43.504157', null, null, '');
INSERT INTO sys_menu (menu_id, menu_name, parent_id, order_num, path, component, query_param, is_frame, is_cache, menu_type, visible, status, perms, icon, create_dept, create_by, create_time, update_by, update_time, remark) VALUES (1008, '角色查询', 101, 1, '', '', '', '0', '1', 'F', '1', '1', 'system:role:query', '#', 103, 1, '2025-07-29 04:32:43.504157', null, null, '');
INSERT INTO sys_menu (menu_id, menu_name, parent_id, order_num, path, component, query_param, is_frame, is_cache, menu_type, visible, status, perms, icon, create_dept, create_by, create_time, update_by, update_time, remark) VALUES (1009, '角色新增', 101, 2, '', '', '', '0', '1', 'F', '1', '1', 'system:role:add', '#', 103, 1, '2025-07-29 04:32:43.504157', null, null, '');
INSERT INTO sys_menu (menu_id, menu_name, parent_id, order_num, path, component, query_param, is_frame, is_cache, menu_type, visible, status, perms, icon, create_dept, create_by, create_time, update_by, update_time, remark) VALUES (1010, '角色修改', 101, 3, '', '', '', '0', '1', 'F', '1', '1', 'system:role:edit', '#', 103, 1, '2025-07-29 04:32:43.504157', null, null, '');
INSERT INTO sys_menu (menu_id, menu_name, parent_id, order_num, path, component, query_param, is_frame, is_cache, menu_type, visible, status, perms, icon, create_dept, create_by, create_time, update_by, update_time, remark) VALUES (1011, '角色删除', 101, 4, '', '', '', '0', '1', 'F', '1', '1', 'system:role:remove', '#', 103, 1, '2025-07-29 04:32:43.504157', null, null, '');
INSERT INTO sys_menu (menu_id, menu_name, parent_id, order_num, path, component, query_param, is_frame, is_cache, menu_type, visible, status, perms, icon, create_dept, create_by, create_time, update_by, update_time, remark) VALUES (1012, '角色导出', 101, 5, '', '', '', '0', '1', 'F', '1', '1', 'system:role:export', '#', 103, 1, '2025-07-29 04:32:43.504157', null, null, '');
INSERT INTO sys_menu (menu_id, menu_name, parent_id, order_num, path, component, query_param, is_frame, is_cache, menu_type, visible, status, perms, icon, create_dept, create_by, create_time, update_by, update_time, remark) VALUES (1013, '菜单查询', 102, 1, '', '', '', '0', '1', 'F', '1', '1', 'system:menu:query', '#', 103, 1, '2025-07-29 04:32:43.504157', null, null, '');
INSERT INTO sys_menu (menu_id, menu_name, parent_id, order_num, path, component, query_param, is_frame, is_cache, menu_type, visible, status, perms, icon, create_dept, create_by, create_time, update_by, update_time, remark) VALUES (1014, '菜单新增', 102, 2, '', '', '', '0', '1', 'F', '1', '1', 'system:menu:add', '#', 103, 1, '2025-07-29 04:32:43.504157', null, null, '');
INSERT INTO sys_menu (menu_id, menu_name, parent_id, order_num, path, component, query_param, is_frame, is_cache, menu_type, visible, status, perms, icon, create_dept, create_by, create_time, update_by, update_time, remark) VALUES (1015, '菜单修改', 102, 3, '', '', '', '0', '1', 'F', '1', '1', 'system:menu:edit', '#', 103, 1, '2025-07-29 04:32:43.504157', null, null, '');
INSERT INTO sys_menu (menu_id, menu_name, parent_id, order_num, path, component, query_param, is_frame, is_cache, menu_type, visible, status, perms, icon, create_dept, create_by, create_time, update_by, update_time, remark) VALUES (1016, '菜单删除', 102, 4, '', '', '', '0', '1', 'F', '1', '1', 'system:menu:remove', '#', 103, 1, '2025-07-29 04:32:43.504157', null, null, '');
INSERT INTO sys_menu (menu_id, menu_name, parent_id, order_num, path, component, query_param, is_frame, is_cache, menu_type, visible, status, perms, icon, create_dept, create_by, create_time, update_by, update_time, remark) VALUES (1017, '部门查询', 103, 1, '', '', '', '0', '1', 'F', '1', '1', 'system:dept:query', '#', 103, 1, '2025-07-29 04:32:43.504157', null, null, '');
INSERT INTO sys_menu (menu_id, menu_name, parent_id, order_num, path, component, query_param, is_frame, is_cache, menu_type, visible, status, perms, icon, create_dept, create_by, create_time, update_by, update_time, remark) VALUES (1018, '部门新增', 103, 2, '', '', '', '0', '1', 'F', '1', '1', 'system:dept:add', '#', 103, 1, '2025-07-29 04:32:43.504157', null, null, '');
INSERT INTO sys_menu (menu_id, menu_name, parent_id, order_num, path, component, query_param, is_frame, is_cache, menu_type, visible, status, perms, icon, create_dept, create_by, create_time, update_by, update_time, remark) VALUES (1019, '部门修改', 103, 3, '', '', '', '0', '1', 'F', '1', '1', 'system:dept:edit', '#', 103, 1, '2025-07-29 04:32:43.504157', null, null, '');
INSERT INTO sys_menu (menu_id, menu_name, parent_id, order_num, path, component, query_param, is_frame, is_cache, menu_type, visible, status, perms, icon, create_dept, create_by, create_time, update_by, update_time, remark) VALUES (1020, '部门删除', 103, 4, '', '', '', '0', '1', 'F', '1', '1', 'system:dept:remove', '#', 103, 1, '2025-07-29 04:32:43.504157', null, null, '');
INSERT INTO sys_menu (menu_id, menu_name, parent_id, order_num, path, component, query_param, is_frame, is_cache, menu_type, visible, status, perms, icon, create_dept, create_by, create_time, update_by, update_time, remark) VALUES (1021, '岗位查询', 104, 1, '', '', '', '0', '1', 'F', '1', '1', 'system:post:query', '#', 103, 1, '2025-07-29 04:32:43.504157', null, null, '');
INSERT INTO sys_menu (menu_id, menu_name, parent_id, order_num, path, component, query_param, is_frame, is_cache, menu_type, visible, status, perms, icon, create_dept, create_by, create_time, update_by, update_time, remark) VALUES (1022, '岗位新增', 104, 2, '', '', '', '0', '1', 'F', '1', '1', 'system:post:add', '#', 103, 1, '2025-07-29 04:32:43.504157', null, null, '');
INSERT INTO sys_menu (menu_id, menu_name, parent_id, order_num, path, component, query_param, is_frame, is_cache, menu_type, visible, status, perms, icon, create_dept, create_by, create_time, update_by, update_time, remark) VALUES (1023, '岗位修改', 104, 3, '', '', '', '0', '1', 'F', '1', '1', 'system:post:edit', '#', 103, 1, '2025-07-29 04:32:43.504157', null, null, '');
INSERT INTO sys_menu (menu_id, menu_name, parent_id, order_num, path, component, query_param, is_frame, is_cache, menu_type, visible, status, perms, icon, create_dept, create_by, create_time, update_by, update_time, remark) VALUES (1024, '岗位删除', 104, 4, '', '', '', '0', '1', 'F', '1', '1', 'system:post:remove', '#', 103, 1, '2025-07-29 04:32:43.504157', null, null, '');
INSERT INTO sys_menu (menu_id, menu_name, parent_id, order_num, path, component, query_param, is_frame, is_cache, menu_type, visible, status, perms, icon, create_dept, create_by, create_time, update_by, update_time, remark) VALUES (1025, '岗位导出', 104, 5, '', '', '', '0', '1', 'F', '1', '1', 'system:post:export', '#', 103, 1, '2025-07-29 04:32:43.504157', null, null, '');
INSERT INTO sys_menu (menu_id, menu_name, parent_id, order_num, path, component, query_param, is_frame, is_cache, menu_type, visible, status, perms, icon, create_dept, create_by, create_time, update_by, update_time, remark) VALUES (1026, '字典查询', 105, 1, '#', '', '', '0', '1', 'F', '1', '1', 'system:dict:query', '#', 103, 1, '2025-07-29 04:32:43.504157', null, null, '');
INSERT INTO sys_menu (menu_id, menu_name, parent_id, order_num, path, component, query_param, is_frame, is_cache, menu_type, visible, status, perms, icon, create_dept, create_by, create_time, update_by, update_time, remark) VALUES (1027, '字典新增', 105, 2, '#', '', '', '0', '1', 'F', '1', '1', 'system:dict:add', '#', 103, 1, '2025-07-29 04:32:43.504157', null, null, '');
INSERT INTO sys_menu (menu_id, menu_name, parent_id, order_num, path, component, query_param, is_frame, is_cache, menu_type, visible, status, perms, icon, create_dept, create_by, create_time, update_by, update_time, remark) VALUES (1028, '字典修改', 105, 3, '#', '', '', '0', '1', 'F', '1', '1', 'system:dict:edit', '#', 103, 1, '2025-07-29 04:32:43.504157', null, null, '');
INSERT INTO sys_menu (menu_id, menu_name, parent_id, order_num, path, component, query_param, is_frame, is_cache, menu_type, visible, status, perms, icon, create_dept, create_by, create_time, update_by, update_time, remark) VALUES (1029, '字典删除', 105, 4, '#', '', '', '0', '1', 'F', '1', '1', 'system:dict:remove', '#', 103, 1, '2025-07-29 04:32:43.504157', null, null, '');
INSERT INTO sys_menu (menu_id, menu_name, parent_id, order_num, path, component, query_param, is_frame, is_cache, menu_type, visible, status, perms, icon, create_dept, create_by, create_time, update_by, update_time, remark) VALUES (1030, '字典导出', 105, 5, '#', '', '', '0', '1', 'F', '1', '1', 'system:dict:export', '#', 103, 1, '2025-07-29 04:32:43.504157', null, null, '');
INSERT INTO sys_menu (menu_id, menu_name, parent_id, order_num, path, component, query_param, is_frame, is_cache, menu_type, visible, status, perms, icon, create_dept, create_by, create_time, update_by, update_time, remark) VALUES (1031, '参数查询', 106, 1, '#', '', '', '0', '1', 'F', '1', '1', 'system:config:query', '#', 103, 1, '2025-07-29 04:32:43.504157', null, null, '');
INSERT INTO sys_menu (menu_id, menu_name, parent_id, order_num, path, component, query_param, is_frame, is_cache, menu_type, visible, status, perms, icon, create_dept, create_by, create_time, update_by, update_time, remark) VALUES (1032, '参数新增', 106, 2, '#', '', '', '0', '1', 'F', '1', '1', 'system:config:add', '#', 103, 1, '2025-07-29 04:32:43.504157', null, null, '');
INSERT INTO sys_menu (menu_id, menu_name, parent_id, order_num, path, component, query_param, is_frame, is_cache, menu_type, visible, status, perms, icon, create_dept, create_by, create_time, update_by, update_time, remark) VALUES (1033, '参数修改', 106, 3, '#', '', '', '0', '1', 'F', '1', '1', 'system:config:edit', '#', 103, 1, '2025-07-29 04:32:43.504157', null, null, '');
INSERT INTO sys_menu (menu_id, menu_name, parent_id, order_num, path, component, query_param, is_frame, is_cache, menu_type, visible, status, perms, icon, create_dept, create_by, create_time, update_by, update_time, remark) VALUES (1034, '参数删除', 106, 4, '#', '', '', '0', '1', 'F', '1', '1', 'system:config:remove', '#', 103, 1, '2025-07-29 04:32:43.504157', null, null, '');
INSERT INTO sys_menu (menu_id, menu_name, parent_id, order_num, path, component, query_param, is_frame, is_cache, menu_type, visible, status, perms, icon, create_dept, create_by, create_time, update_by, update_time, remark) VALUES (1035, '参数导出', 106, 5, '#', '', '', '0', '1', 'F', '1', '1', 'system:config:export', '#', 103, 1, '2025-07-29 04:32:43.504157', null, null, '');
INSERT INTO sys_menu (menu_id, menu_name, parent_id, order_num, path, component, query_param, is_frame, is_cache, menu_type, visible, status, perms, icon, create_dept, create_by, create_time, update_by, update_time, remark) VALUES (1036, '公告查询', 107, 1, '#', '', '', '0', '1', 'F', '1', '1', 'system:notice:query', '#', 103, 1, '2025-07-29 04:32:43.504157', null, null, '');
INSERT INTO sys_menu (menu_id, menu_name, parent_id, order_num, path, component, query_param, is_frame, is_cache, menu_type, visible, status, perms, icon, create_dept, create_by, create_time, update_by, update_time, remark) VALUES (1037, '公告新增', 107, 2, '#', '', '', '0', '1', 'F', '1', '1', 'system:notice:add', '#', 103, 1, '2025-07-29 04:32:43.504157', null, null, '');
INSERT INTO sys_menu (menu_id, menu_name, parent_id, order_num, path, component, query_param, is_frame, is_cache, menu_type, visible, status, perms, icon, create_dept, create_by, create_time, update_by, update_time, remark) VALUES (1038, '公告修改', 107, 3, '#', '', '', '0', '1', 'F', '1', '1', 'system:notice:edit', '#', 103, 1, '2025-07-29 04:32:43.504157', null, null, '');
INSERT INTO sys_menu (menu_id, menu_name, parent_id, order_num, path, component, query_param, is_frame, is_cache, menu_type, visible, status, perms, icon, create_dept, create_by, create_time, update_by, update_time, remark) VALUES (1039, '公告删除', 107, 4, '#', '', '', '0', '1', 'F', '1', '1', 'system:notice:remove', '#', 103, 1, '2025-07-29 04:32:43.504157', null, null, '');
INSERT INTO sys_menu (menu_id, menu_name, parent_id, order_num, path, component, query_param, is_frame, is_cache, menu_type, visible, status, perms, icon, create_dept, create_by, create_time, update_by, update_time, remark) VALUES (1040, '操作查询', 500, 1, '#', '', '', '0', '1', 'F', '1', '1', 'monitor:operlog:query', '#', 103, 1, '2025-07-29 04:32:43.504157', null, null, '');
INSERT INTO sys_menu (menu_id, menu_name, parent_id, order_num, path, component, query_param, is_frame, is_cache, menu_type, visible, status, perms, icon, create_dept, create_by, create_time, update_by, update_time, remark) VALUES (1041, '操作删除', 500, 2, '#', '', '', '0', '1', 'F', '1', '1', 'monitor:operlog:remove', '#', 103, 1, '2025-07-29 04:32:43.504157', null, null, '');
INSERT INTO sys_menu (menu_id, menu_name, parent_id, order_num, path, component, query_param, is_frame, is_cache, menu_type, visible, status, perms, icon, create_dept, create_by, create_time, update_by, update_time, remark) VALUES (1042, '日志导出', 500, 4, '#', '', '', '0', '1', 'F', '1', '1', 'monitor:operlog:export', '#', 103, 1, '2025-07-29 04:32:43.504157', null, null, '');
INSERT INTO sys_menu (menu_id, menu_name, parent_id, order_num, path, component, query_param, is_frame, is_cache, menu_type, visible, status, perms, icon, create_dept, create_by, create_time, update_by, update_time, remark) VALUES (1043, '登录查询', 501, 1, '#', '', '', '0', '1', 'F', '1', '1', 'monitor:logininfor:query', '#', 103, 1, '2025-07-29 04:32:43.504157', null, null, '');
INSERT INTO sys_menu (menu_id, menu_name, parent_id, order_num, path, component, query_param, is_frame, is_cache, menu_type, visible, status, perms, icon, create_dept, create_by, create_time, update_by, update_time, remark) VALUES (1044, '登录删除', 501, 2, '#', '', '', '0', '1', 'F', '1', '1', 'monitor:logininfor:remove', '#', 103, 1, '2025-07-29 04:32:43.504157', null, null, '');
INSERT INTO sys_menu (menu_id, menu_name, parent_id, order_num, path, component, query_param, is_frame, is_cache, menu_type, visible, status, perms, icon, create_dept, create_by, create_time, update_by, update_time, remark) VALUES (1045, '日志导出', 501, 3, '#', '', '', '0', '1', 'F', '1', '1', 'monitor:logininfor:export', '#', 103, 1, '2025-07-29 04:32:43.504157', null, null, '');
INSERT INTO sys_menu (menu_id, menu_name, parent_id, order_num, path, component, query_param, is_frame, is_cache, menu_type, visible, status, perms, icon, create_dept, create_by, create_time, update_by, update_time, remark) VALUES (1046, '在线查询', 109, 1, '#', '', '', '0', '1', 'F', '1', '1', 'monitor:online:query', '#', 103, 1, '2025-07-29 04:32:43.504157', null, null, '');
INSERT INTO sys_menu (menu_id, menu_name, parent_id, order_num, path, component, query_param, is_frame, is_cache, menu_type, visible, status, perms, icon, create_dept, create_by, create_time, update_by, update_time, remark) VALUES (1047, '批量强退', 109, 2, '#', '', '', '0', '1', 'F', '1', '1', 'monitor:online:batchLogout', '#', 103, 1, '2025-07-29 04:32:43.504157', null, null, '');
INSERT INTO sys_menu (menu_id, menu_name, parent_id, order_num, path, component, query_param, is_frame, is_cache, menu_type, visible, status, perms, icon, create_dept, create_by, create_time, update_by, update_time, remark) VALUES (1048, '单条强退', 109, 3, '#', '', '', '0', '1', 'F', '1', '1', 'monitor:online:forceLogout', '#', 103, 1, '2025-07-29 04:32:43.504157', null, null, '');
INSERT INTO sys_menu (menu_id, menu_name, parent_id, order_num, path, component, query_param, is_frame, is_cache, menu_type, visible, status, perms, icon, create_dept, create_by, create_time, update_by, update_time, remark) VALUES (1050, '账户解锁', 501, 4, '#', '', '', '0', '1', 'F', '1', '1', 'monitor:logininfor:unlock', '#', 103, 1, '2025-07-29 04:32:43.504157', null, null, '');
INSERT INTO sys_menu (menu_id, menu_name, parent_id, order_num, path, component, query_param, is_frame, is_cache, menu_type, visible, status, perms, icon, create_dept, create_by, create_time, update_by, update_time, remark) VALUES (1055, '生成查询', 115, 1, '#', '', '', '0', '1', 'F', '1', '1', 'tool:gen:query', '#', 103, 1, '2025-07-29 04:32:43.504157', null, null, '');
INSERT INTO sys_menu (menu_id, menu_name, parent_id, order_num, path, component, query_param, is_frame, is_cache, menu_type, visible, status, perms, icon, create_dept, create_by, create_time, update_by, update_time, remark) VALUES (1056, '生成修改', 115, 2, '#', '', '', '0', '1', 'F', '1', '1', 'tool:gen:edit', '#', 103, 1, '2025-07-29 04:32:43.504157', null, null, '');
INSERT INTO sys_menu (menu_id, menu_name, parent_id, order_num, path, component, query_param, is_frame, is_cache, menu_type, visible, status, perms, icon, create_dept, create_by, create_time, update_by, update_time, remark) VALUES (1057, '生成删除', 115, 3, '#', '', '', '0', '1', 'F', '1', '1', 'tool:gen:remove', '#', 103, 1, '2025-07-29 04:32:43.504157', null, null, '');
INSERT INTO sys_menu (menu_id, menu_name, parent_id, order_num, path, component, query_param, is_frame, is_cache, menu_type, visible, status, perms, icon, create_dept, create_by, create_time, update_by, update_time, remark) VALUES (1058, '导入代码', 115, 2, '#', '', '', '0', '1', 'F', '1', '1', 'tool:gen:import', '#', 103, 1, '2025-07-29 04:32:43.504157', null, null, '');
INSERT INTO sys_menu (menu_id, menu_name, parent_id, order_num, path, component, query_param, is_frame, is_cache, menu_type, visible, status, perms, icon, create_dept, create_by, create_time, update_by, update_time, remark) VALUES (1059, '预览代码', 115, 4, '#', '', '', '0', '1', 'F', '1', '1', 'tool:gen:preview', '#', 103, 1, '2025-07-29 04:32:43.504157', null, null, '');
INSERT INTO sys_menu (menu_id, menu_name, parent_id, order_num, path, component, query_param, is_frame, is_cache, menu_type, visible, status, perms, icon, create_dept, create_by, create_time, update_by, update_time, remark) VALUES (1060, '生成代码', 115, 5, '#', '', '', '0', '1', 'F', '1', '1', 'tool:gen:code', '#', 103, 1, '2025-07-29 04:32:43.504157', null, null, '');
INSERT INTO sys_menu (menu_id, menu_name, parent_id, order_num, path, component, query_param, is_frame, is_cache, menu_type, visible, status, perms, icon, create_dept, create_by, create_time, update_by, update_time, remark) VALUES (1061, '客户端管理查询', 123, 1, '#', '', '', '0', '1', 'F', '1', '1', 'system:client:query', '#', 103, 1, '2025-07-29 04:32:43.504157', null, null, '');
INSERT INTO sys_menu (menu_id, menu_name, parent_id, order_num, path, component, query_param, is_frame, is_cache, menu_type, visible, status, perms, icon, create_dept, create_by, create_time, update_by, update_time, remark) VALUES (1062, '客户端管理新增', 123, 2, '#', '', '', '0', '1', 'F', '1', '1', 'system:client:add', '#', 103, 1, '2025-07-29 04:32:43.504157', null, null, '');
INSERT INTO sys_menu (menu_id, menu_name, parent_id, order_num, path, component, query_param, is_frame, is_cache, menu_type, visible, status, perms, icon, create_dept, create_by, create_time, update_by, update_time, remark) VALUES (1063, '客户端管理修改', 123, 3, '#', '', '', '0', '1', 'F', '1', '1', 'system:client:edit', '#', 103, 1, '2025-07-29 04:32:43.504157', null, null, '');
INSERT INTO sys_menu (menu_id, menu_name, parent_id, order_num, path, component, query_param, is_frame, is_cache, menu_type, visible, status, perms, icon, create_dept, create_by, create_time, update_by, update_time, remark) VALUES (1064, '客户端管理删除', 123, 4, '#', '', '', '0', '1', 'F', '1', '1', 'system:client:remove', '#', 103, 1, '2025-07-29 04:32:43.504157', null, null, '');
INSERT INTO sys_menu (menu_id, menu_name, parent_id, order_num, path, component, query_param, is_frame, is_cache, menu_type, visible, status, perms, icon, create_dept, create_by, create_time, update_by, update_time, remark) VALUES (1065, '客户端管理导出', 123, 5, '#', '', '', '0', '1', 'F', '1', '1', 'system:client:export', '#', 103, 1, '2025-07-29 04:32:43.504157', null, null, '');
INSERT INTO sys_menu (menu_id, menu_name, parent_id, order_num, path, component, query_param, is_frame, is_cache, menu_type, visible, status, perms, icon, create_dept, create_by, create_time, update_by, update_time, remark) VALUES (1500, '测试单表', 5, 1, 'demo', 'demo/demo/index', '', '0', '1', 'C', '1', '1', 'demo:demo:list', '#', 103, 1, '2025-07-29 04:32:43.504157', null, null, '测试单表菜单');
INSERT INTO sys_menu (menu_id, menu_name, parent_id, order_num, path, component, query_param, is_frame, is_cache, menu_type, visible, status, perms, icon, create_dept, create_by, create_time, update_by, update_time, remark) VALUES (1501, '测试单表查询', 1500, 1, '#', '', '', '0', '1', 'F', '1', '1', 'demo:demo:query', '#', 103, 1, '2025-07-29 04:32:43.504157', null, null, '');
INSERT INTO sys_menu (menu_id, menu_name, parent_id, order_num, path, component, query_param, is_frame, is_cache, menu_type, visible, status, perms, icon, create_dept, create_by, create_time, update_by, update_time, remark) VALUES (1502, '测试单表新增', 1500, 2, '#', '', '', '0', '1', 'F', '1', '1', 'demo:demo:add', '#', 103, 1, '2025-07-29 04:32:43.504157', null, null, '');
INSERT INTO sys_menu (menu_id, menu_name, parent_id, order_num, path, component, query_param, is_frame, is_cache, menu_type, visible, status, perms, icon, create_dept, create_by, create_time, update_by, update_time, remark) VALUES (1503, '测试单表修改', 1500, 3, '#', '', '', '0', '1', 'F', '1', '1', 'demo:demo:edit', '#', 103, 1, '2025-07-29 04:32:43.504157', null, null, '');
INSERT INTO sys_menu (menu_id, menu_name, parent_id, order_num, path, component, query_param, is_frame, is_cache, menu_type, visible, status, perms, icon, create_dept, create_by, create_time, update_by, update_time, remark) VALUES (1504, '测试单表删除', 1500, 4, '#', '', '', '0', '1', 'F', '1', '1', 'demo:demo:remove', '#', 103, 1, '2025-07-29 04:32:43.504157', null, null, '');
INSERT INTO sys_menu (menu_id, menu_name, parent_id, order_num, path, component, query_param, is_frame, is_cache, menu_type, visible, status, perms, icon, create_dept, create_by, create_time, update_by, update_time, remark) VALUES (1505, '测试单表导出', 1500, 5, '#', '', '', '0', '1', 'F', '1', '1', 'demo:demo:export', '#', 103, 1, '2025-07-29 04:32:43.504157', null, null, '');
INSERT INTO sys_menu (menu_id, menu_name, parent_id, order_num, path, component, query_param, is_frame, is_cache, menu_type, visible, status, perms, icon, create_dept, create_by, create_time, update_by, update_time, remark) VALUES (1506, '测试树表', 5, 1, 'tree', 'demo/tree/index', '', '0', '1', 'C', '1', '1', 'demo:tree:list', '#', 103, 1, '2025-07-29 04:32:43.504157', null, null, '测试树表菜单');
INSERT INTO sys_menu (menu_id, menu_name, parent_id, order_num, path, component, query_param, is_frame, is_cache, menu_type, visible, status, perms, icon, create_dept, create_by, create_time, update_by, update_time, remark) VALUES (1507, '测试树表查询', 1506, 1, '#', '', '', '0', '1', 'F', '1', '1', 'demo:tree:query', '#', 103, 1, '2025-07-29 04:32:43.504157', null, null, '');
INSERT INTO sys_menu (menu_id, menu_name, parent_id, order_num, path, component, query_param, is_frame, is_cache, menu_type, visible, status, perms, icon, create_dept, create_by, create_time, update_by, update_time, remark) VALUES (1508, '测试树表新增', 1506, 2, '#', '', '', '0', '1', 'F', '1', '1', 'demo:tree:add', '#', 103, 1, '2025-07-29 04:32:43.504157', null, null, '');
INSERT INTO sys_menu (menu_id, menu_name, parent_id, order_num, path, component, query_param, is_frame, is_cache, menu_type, visible, status, perms, icon, create_dept, create_by, create_time, update_by, update_time, remark) VALUES (1509, '测试树表修改', 1506, 3, '#', '', '', '0', '1', 'F', '1', '1', 'demo:tree:edit', '#', 103, 1, '2025-07-29 04:32:43.504157', null, null, '');
INSERT INTO sys_menu (menu_id, menu_name, parent_id, order_num, path, component, query_param, is_frame, is_cache, menu_type, visible, status, perms, icon, create_dept, create_by, create_time, update_by, update_time, remark) VALUES (1510, '测试树表删除', 1506, 4, '#', '', '', '0', '1', 'F', '1', '1', 'demo:tree:remove', '#', 103, 1, '2025-07-29 04:32:43.504157', null, null, '');
INSERT INTO sys_menu (menu_id, menu_name, parent_id, order_num, path, component, query_param, is_frame, is_cache, menu_type, visible, status, perms, icon, create_dept, create_by, create_time, update_by, update_time, remark) VALUES (1511, '测试树表导出', 1506, 5, '#', '', '', '0', '1', 'F', '1', '1', 'demo:tree:export', '#', 103, 1, '2025-07-29 04:32:43.504157', null, null, '');
INSERT INTO sys_menu (menu_id, menu_name, parent_id, order_num, path, component, query_param, is_frame, is_cache, menu_type, visible, status, perms, icon, create_dept, create_by, create_time, update_by, update_time, remark) VALUES (1606, '租户查询', 121, 1, '#', '', '', '0', '1', 'F', '1', '1', 'system:tenant:query', '#', 103, 1, '2025-07-29 04:32:43.504157', null, null, '');
INSERT INTO sys_menu (menu_id, menu_name, parent_id, order_num, path, component, query_param, is_frame, is_cache, menu_type, visible, status, perms, icon, create_dept, create_by, create_time, update_by, update_time, remark) VALUES (1607, '租户新增', 121, 2, '#', '', '', '0', '1', 'F', '1', '1', 'system:tenant:add', '#', 103, 1, '2025-07-29 04:32:43.504157', null, null, '');
INSERT INTO sys_menu (menu_id, menu_name, parent_id, order_num, path, component, query_param, is_frame, is_cache, menu_type, visible, status, perms, icon, create_dept, create_by, create_time, update_by, update_time, remark) VALUES (1608, '租户修改', 121, 3, '#', '', '', '0', '1', 'F', '1', '1', 'system:tenant:edit', '#', 103, 1, '2025-07-29 04:32:43.504157', null, null, '');
INSERT INTO sys_menu (menu_id, menu_name, parent_id, order_num, path, component, query_param, is_frame, is_cache, menu_type, visible, status, perms, icon, create_dept, create_by, create_time, update_by, update_time, remark) VALUES (1609, '租户删除', 121, 4, '#', '', '', '0', '1', 'F', '1', '1', 'system:tenant:remove', '#', 103, 1, '2025-07-29 04:32:43.504157', null, null, '');
INSERT INTO sys_menu (menu_id, menu_name, parent_id, order_num, path, component, query_param, is_frame, is_cache, menu_type, visible, status, perms, icon, create_dept, create_by, create_time, update_by, update_time, remark) VALUES (1610, '租户导出', 121, 5, '#', '', '', '0', '1', 'F', '1', '1', 'system:tenant:export', '#', 103, 1, '2025-07-29 04:32:43.504157', null, null, '');
INSERT INTO sys_menu (menu_id, menu_name, parent_id, order_num, path, component, query_param, is_frame, is_cache, menu_type, visible, status, perms, icon, create_dept, create_by, create_time, update_by, update_time, remark) VALUES (1611, '租户套餐查询', 122, 1, '#', '', '', '0', '1', 'F', '1', '1', 'system:tenantPackage:query', '#', 103, 1, '2025-07-29 04:32:43.504157', null, null, '');
INSERT INTO sys_menu (menu_id, menu_name, parent_id, order_num, path, component, query_param, is_frame, is_cache, menu_type, visible, status, perms, icon, create_dept, create_by, create_time, update_by, update_time, remark) VALUES (1612, '租户套餐新增', 122, 2, '#', '', '', '0', '1', 'F', '1', '1', 'system:tenantPackage:add', '#', 103, 1, '2025-07-29 04:32:43.504157', null, null, '');
INSERT INTO sys_menu (menu_id, menu_name, parent_id, order_num, path, component, query_param, is_frame, is_cache, menu_type, visible, status, perms, icon, create_dept, create_by, create_time, update_by, update_time, remark) VALUES (1613, '租户套餐修改', 122, 3, '#', '', '', '0', '1', 'F', '1', '1', 'system:tenantPackage:edit', '#', 103, 1, '2025-07-29 04:32:43.504157', null, null, '');
INSERT INTO sys_menu (menu_id, menu_name, parent_id, order_num, path, component, query_param, is_frame, is_cache, menu_type, visible, status, perms, icon, create_dept, create_by, create_time, update_by, update_time, remark) VALUES (1614, '租户套餐删除', 122, 4, '#', '', '', '0', '1', 'F', '1', '1', 'system:tenantPackage:remove', '#', 103, 1, '2025-07-29 04:32:43.504157', null, null, '');
INSERT INTO sys_menu (menu_id, menu_name, parent_id, order_num, path, component, query_param, is_frame, is_cache, menu_type, visible, status, perms, icon, create_dept, create_by, create_time, update_by, update_time, remark) VALUES (1615, '租户套餐导出', 122, 5, '#', '', '', '0', '1', 'F', '1', '1', 'system:tenantPackage:export', '#', 103, 1, '2025-07-29 04:32:43.504157', null, null, '');
